1;Арчи;Осел;18;861;493;702;603
2;Алекс;Оца;12;573;118;111;905
3;Амур;Свинка;5;26;465;323;27
4;Алтaй;Мышка;19;469;312;766;957
5;Альф;Канарейка;18;525;192;214;146
6;Алмаз;Мышка;16;621;540;781;760
7;Атос;Оца;18;222;491;760;283
8;Амиго;Обезьяна;16;466;535;841;27
9;Аксель;Енот;10;135;539;459;320
10;Ангел;Хамелеон;2;579;754;156;363
11;Адам;Кролик;18;299;228;94;385
12;Арнольд;Индюк;19;400;773;501;491
13;Август;Змея;17;832;169;886;17
14;Айрон;Кошка;14;264;846;207;891
15;Акс;Скунс;9;600;282;944;433
16;Альт;Оца;6;874;600;195;871
17;Арго;Паук;9;252;560;965;286
18;Арес;Хомяк;4;742;256;147;931
19;Атаман;Индюк;8;378;343;418;129
20;Арс;Шиншилла;7;931;943;197;849
21;Айран;Хомяк;5;956;205;500;512
22;Антей;Осел;5;997;910;840;967
23;Арамис;Рыбка;7;1000;186;815;65
24;Азор;Рыбка;9;607;24;386;432
25;Апельсин;Индюк;18;812;127;750;170
26;Азарт;Мышка;4;164;715;804;485
27;Аркан;Канарейка;18;733;308;955;807
28;Аскольд;Оца;3;278;462;889;809
29;Артос;Ягуар;5;546;911;864;555
30;Антонио;Кошка;4;480;936;873;983
31;Арман;Змея;9;628;877;990;253
32;Аватар;Хамелеон;18;554;604;936;440
33;Арахис;Волк;12;574;459;622;198
34;Альма;Лиса;18;862;504;87;454
35;Альфа;Мышка;17;53;116;218;111
36;Адель;Канарейка;5;654;970;963;617
37;Ася;Мышка;18;894;660;373;75
38;Айза;Лягушка;5;957;734;929;299
39;Аська;Попугай;8;209;212;128;816
40;Айра;Лошадь;5;120;919;95;688
41;Аврора;Скунс;14;90;771;97;603
42;Алиса;Лиса;1;473;554;519;53
43;Ада;Змея;13;66;110;435;973
44;Альба;Обезьяна;18;325;245;979;887
45;Афина;Хамелеон;12;716;395;347;678
46;Айка;Паук;2;154;644;553;157
47;Айна;Индюк;9;798;446;754;311
48;Амели;Обезьяна;18;214;581;861;712
49;Ариша;Обезьяна;16;284;857;423;465
50;Айва;Шиншилла;17;449;883;141;696
51;Анабель;Канарейка;3;272;623;110;665
52;Айда;Лошадь;14;693;283;736;387
53;Афродита;Скунс;18;540;119;321;260
54;Агнесса;Осел;14;52;116;446;622
55;Айрис;Индюк;3;666;78;10;111
56;Алиша;Паук;17;515;205;691;171
57;Ариэль;Волк;13;224;135;69;942
58;Астра;Канарейка;14;286;959;163;589
59;Ассоль;Кошка;5;447;775;235;761
60;Айса;Обезьяна;17;342;124;11;655
61;Асти;Гусь;10;29;485;561;798
62;Анфиса;Осел;1;910;204;47;195
63;Альма;Мышка;8;200;665;713;743
64;Альпа;Енот;11;840;713;543;622
65;Арья;Волк;13;172;819;661;115
66;Акира;Попугай;5;651;569;815;117
67;Барон;Скунс;1;49;828;408;253
68;Бутч;Оца;1;1;575;290;882
69;Боня;Индюк;15;752;523;174;676
70;Бим;Гусь;1;838;898;980;539
71;Бадди;Енот;16;936;523;928;226
72;Барни;Шиншилла;7;532;825;544;296
73;Балу;Обезьяна;5;488;463;678;298
74;Барс;Енот;20;12;744;3;951
75;Балто;Енот;14;294;880;402;959
76;Бакси;Хомяк;1;431;650;716;175
77;Байкал;Ягуар;13;38;222;667;429
78;Буран;Оца;16;924;472;86;832
79;Босс;Рыбка;5;577;765;182;575
80;Блэк;Гусь;17;884;695;250;829
81;Бой;Индюк;19;14;564;684;886
82;Бублик;Канарейка;16;645;217;846;349
83;Бумер;Индюк;5;665;111;298;951
84;Бек;Волк;3;809;421;604;587
85;Бандит;Индюк;15;531;560;123;582
86;Барри;Скунс;8;696;354;428;82
87;Бен;Паук;3;323;219;476;363
88;Бакстер;Рыбка;1;929;887;766;307
89;Веста;Волк;12;576;827;989;98
90;Вэнди;Индюк;7;275;4;131;319
91;Вита;Скунс;10;627;342;514;456
92;Вишенка;Гусь;8;634;397;37;394
93;Вега;Лошадь;20;136;26;112;790
94;Василиса;Гусь;11;76;261;639;37
95;Верона;Енот;14;462;139;189;920
96;Виктория;Лягушка;4;824;611;673;202
97;Вета;Лиса;19;300;881;910;436
98;Венера;Осел;7;417;236;987;974
99;Виолетта;Канарейка;11;799;654;317;796
100;Ванда;Канарейка;17;818;924;277;648
101;Ваниль;Хомяк;1;670;565;971;392
102;Виола;Енот;12;815;518;859;692
103;Виолетта;Собака;4;687;407;776;832
104;Вэлла;Свинка;12;949;820;584;949
105;Вильма;Хамелеон;17;50;419;474;193
106;Гангстер;Ягуар;15;618;355;902;79
107;Гарри;Лиса;13;133;810;923;507
108;Гранд;Обезьяна;3;967;506;2;541
109;Голливуд;Кошка;12;743;708;358;73
110;Гуфи;Хамелеон;10;778;896;817;471
111;Герцог;Лягушка;11;121;553;256;810
112;Гермес;Попугай;3;811;832;722;303
113;Гамлет;Канарейка;12;89;342;787;209
114;Грем;Ягуар;8;221;638;925;159
115;Генри;Змея;12;243;625;585;455
116;Грек;Оца;20;780;989;577;82
117;Гавр;Скунс;8;168;685;543;191
118;Гомер;Ягуар;17;208;891;44;149
119;Гарольд;Скунс;1;398;628;194;931
120;Гордон;Обезьяна;9;418;304;567;596
121;Гэри;Кролик;12;530;593;123;971
122;Грейт;Паук;15;723;215;376;536
123;Грин;Хомяк;19;206;121;342;423
124;Гарфилд;Змея;2;533;408;193;626
125;Гек;Ягуар;5;858;161;556;271
126;Геральд;Волк;1;199;539;834;666
127;Герой;Кошка;3;207;904;205;115
128;Джесси;Гусь;13;593;871;853;992
129;Дана;Мышка;12;399;882;341;873
130;Джессика;Мышка;2;436;661;338;595
131;Дейзи;Гусь;14;794;703;112;886
132;Джина;Оца;15;644;795;278;736
133;Дора;Паук;19;281;700;83;220
134;Дарси;Енот;11;55;505;669;110
135;Джуля;Паук;7;437;565;602;886
136;Долли;Канарейка;3;675;935;113;800
137;Дымка;Мышка;15;111;577;774;222
138;Дайна;Змея;12;328;130;310;185
139;Дебби;Гусь;17;444;254;21;905
140;Джуди;Индюк;2;283;428;392;814
141;Доня;Рыбка;20;380;319;282;999
142;Даффи;Змея;2;307;76;831;377
143;Дакота;Собака;16;59;270;841;914
144;Дафни;Ягуар;2;535;396;650;799
145;Дженни;Осел;17;640;69;399;998
146;Жорик;Мышка;16;502;388;185;178
147;Жан;Скунс;9;112;747;55;688
148;Жак;Оца;4;900;570;789;376
149;Жулик;Обезьяна;19;279;370;21;822
150;Жоржик;Рыбка;2;409;80;382;313
151;Жофрей;Волк;18;347;159;626;704
152;Жиган;Лягушка;6;31;150;479;735
153;Жюльен;Енот;17;175;715;249;813
154;Жерар;Обезьяна;20;721;23;927;546
155;Жаспер;Канарейка;20;760;509;536;634
156;Живчик;Мышка;15;98;693;994;700
157;Жеpap;Индюк;17;745;66;199;249
158;Жоффрей;Собака;5;105;584;741;818
159;Жером;Лиса;14;614;744;251;13
160;Жардан;Лиса;16;152;734;283;312
161;Ириска;Обезьяна;20;560;394;738;175
162;Ирма;Осел;20;485;902;207;232
163;Изабель;Хамелеон;19;852;34;47;821
164;Инфинити;Лягушка;10;285;143;74;684
165;Иви;Оца;14;738;606;229;985
166;Инди;Кошка;6;394;311;241;50
167;Ильма;Паук;10;341;323;593;634
168;Инга;Свинка;1;468;504;166;244
169;Иветта;Хомяк;12;659;439;522;328
170;Ида;Гусь;3;464;386;206;111
171;Ирис;Ягуар;2;517;24;704;943
172;Ива;Хомяк;7;712;240;753;185
173;Илана;Канарейка;10;404;368;141;697
174;Искра;Хомяк;20;203;520;612;70
175;Ильда;Енот;8;248;414;669;575
176;Иста;Ягуар;14;911;452;244;234
177;Иджи;Хомяк;3;40;777;488;395
178;Изида;Скунс;1;768;159;709;690
179;Иллиада;Рыбка;10;147;438;213;636
180;Каспер;Кошка;18;513;801;10;369
181;Кекс;Лягушка;6;364;760;847;730
182;Кузя;Змея;7;434;935;80;95
183;Кай;Змея;3;195;460;311;55
184;Кент;Индюк;4;96;106;44;240
185;Карат;Мышка;7;902;191;299;750
186;Клайд;Лиса;9;403;455;572;889
187;Кокс;Лиса;9;708;952;486;607
188;Красавчик;Собака;2;424;930;799;482
189;Крис;Собака;3;215;769;973;428
190;Кастиэль;Попугай;4;17;116;776;801
191;Кекс;Обезьяна;20;877;120;951;993
192;Кайл;Оца;20;605;870;785;967
193;Космос;Кролик;11;536;102;225;769
194;Курт;Индюк;12;246;366;426;290
195;Князь;Мышка;4;162;470;375;490
196;Кубик;Осел;11;737;181;266;735
197;Купер;Индюк;13;238;652;372;622
198;Кэп;Хомяк;16;616;570;549;4
199;Коди;Индюк;15;149;947;484;354
200;Кнопик;Кошка;10;367;600;727;552
201;Клык;Лиса;9;327;570;616;220
202;Кинг;Лиса;17;381;674;411;501
203;Клаус;Рыбка;13;550;611;859;930
204;Лаки;Осел;6;639;748;990;917
205;Линда;Рыбка;13;310;742;324;346
206;Лора;Хомяк;12;934;109;243;336
207;Ляля;Оца;16;235;6;486;233
208;Лола;Лиса;12;855;46;321;81
209;Лилу;Лошадь;8;64;603;312;212
210;Леди;Шиншилла;4;575;648;14;612
211;Луна;Попугай;17;734;926;731;809
212;Лесси;Гусь;4;739;54;152;68
213;Лиза;Ягуар;11;596;505;155;239
214;Люси;Кошка;4;362;106;762;557
215;Лилу;Енот;4;916;969;189;498
216;Ласка;Индюк;1;901;900;495;17
217;Лара;Лиса;17;927;202;90;969
218;Лилли;Лошадь;13;553;492;794;951
219;Лулу;Попугай;12;151;280;130;719
220;Лапа;Хамелеон;14;878;764;645;891
221;Лайда;Осел;13;601;204;665;758
222;Лэкси;Паук;8;562;32;906;64
223;Линси;Паук;13;494;542;420;999
224;Лаура;Скунс;7;864;581;852;616
225;Лисичка;Осел;7;410;918;884;459
226;Лаффи;Паук;15;197;175;251;934
227;Леона;Кролик;16;648;56;418;275
228;Лея;Гусь;9;306;834;748;240
229;Макс;Собака;19;807;493;531;958
230;Майло;Паук;18;870;797;183;116
231;Марсель;Осел;14;475;200;24;351
232;Малыш;Енот;19;836;666;285;361
233;Майк;Осел;7;265;287;863;369
234;Мартин;Индюк;16;225;77;351;366
235;Микки;Осел;16;676;113;317;612
236;Марс;Обезьяна;4;988;179;464;342
237;Мухтар;Кролик;7;819;309;501;178
238;Мотя;Змея;7;163;240;574;216
239;Марти;Рыбка;7;839;71;882;481
240;Мэнни;Мышка;4;387;792;802;425
241;Майкл;Хомяк;18;998;546;580;834
242;Марк;Скунс;2;587;613;907;160
243;Мейсон;Мышка;12;875;384;829;738
244;Майки;Канарейка;20;612;973;790;83
245;Митяй;Собака;17;139;37;862;100
246;Мустанг;Кролик;17;983;726;169;990
247;Марик;Свинка;17;604;13;986;882
248;Мич;Гусь;7;617;72;116;130
249;Маврик;Змея;2;898;987;927;289
250;Мэлвин;Ягуар;9;183;823;903;202
251;Монти;Собака;11;804;234;430;599
252;Мачо;Лягушка;14;269;697;20;4
253;Максимус;Волк;17;503;848;335;337
254;Масик;Свинка;8;109;877;995;459
255;Михей;Гусь;4;271;692;257;894
256;Ника;Оца;15;569;440;984;936
257;Нюша;Хомяк;5;318;319;818;547
258;Найда;Паук;11;907;180;873;657
259;Нора;Лошадь;8;518;475;198;964
260;Николь;Оца;20;319;450;487;240
261;Ники;Волк;11;493;747;116;989
262;Нэнси;Змея;10;348;881;868;766
263;Нана;Лиса;7;985;242;68;150
264;Няша;Свинка;19;913;955;436;528
265;Нелли;Ягуар;1;350;452;709;712
266;Нюся;Свинка;6;408;392;792;862
267;Николетта;Скунс;11;537;228;727;624
268;Наоми;Лошадь;7;353;64;611;393
269;Найта;Лиса;20;899;515;390;188
270;Ночка;Волк;2;194;192;529;920
271;Нэлли;Кролик;13;39;657;656;280
272;Нюра;Волк;15;845;31;622;47
273;Нота;Индюк;13;379;773;220;231
274;Нори;Оца;19;42;38;396;765
275;Нанни;Лягушка;7;589;70;983;225
276;Наня;Лиса;15;446;524;348;699
277;Нева;Кошка;20;138;500;202;893
278;Найк;Свинка;13;239;673;830;285
279;Ник;Хомяк;5;785;105;196;173
280;Норд;Паук;16;416;497;493;948
281;Найс;Хамелеон;6;110;406;491;227
282;Нельсон;Енот;9;859;515;411;109
283;Найт;Осел;19;396;863;814;199
284;Найджел;Собака;11;156;128;951;688
285;Нафаня;Рыбка;18;249;338;228;798
286;Норман;Рыбка;11;384;164;831;889
287;Нильсон;Попугай;11;534;110;123;641
288;Ной;Мышка;20;87;152;918;960
289;Нико;Хамелеон;10;883;999;291;402
290;Нэш;Лошадь;19;193;58;806;887
291;Нордик;Свинка;13;478;424;100;495
292;Никас;Гусь;15;978;769;796;749
293;Нео;Рыбка;12;790;982;665;853
294;Нойз;Кролик;1;173;715;166;430
295;Ньютон;Енот;1;615;966;553;929
296;Немо;Попугай;1;897;463;806;355
297;Нильс;Хамелеон;8;338;683;164;675
298;Норрис;Шиншилла;8;750;913;988;976
299;Нортон;Змея;5;631;326;528;363
300;Нейсон;Канарейка;14;266;234;109;722
301;Николас;Обезьяна;15;34;675;289;181
302;Никос;Кошка;15;148;32;261;637
303;Несквик;Осел;17;72;42;820;425
304;Найл;Лиса;16;166;382;24;180
305;Нокс;Лошадь;6;201;690;150;391
306;Нолик;Хамелеон;8;83;514;631;514
307;Нуар;Канарейка;1;816;321;928;959
308;Николя;Ягуар;11;597;191;410;967
309;Оливия;Канарейка;1;766;157;412;930
310;Оpхидея;Обезьяна;8;496;45;435;944
311;Одри;Кошка;4;20;800;53;508
312;Олли;Кролик;18;47;980;152;803
313;Ося;Шиншилла;16;774;43;10;805
314;Офелия;Оца;3;63;419;756;165
315;Оливка;Лягушка;10;904;541;532;222
316;Оззи;Собака;16;735;853;32;251
317;Орли;Обезьяна;3;888;561;197;322
318;Оделия;Осел;15;715;413;818;705
319;Ости;Шиншилла;3;430;464;806;390
320;Одетта;Шиншилла;12;373;462;497;24
321;Отти;Рыбка;7;928;426;495;976
322;Олика;Хамелеон;16;336;676;853;923
323;Омелия;Волк;7;45;627;965;515
324;Оня;Змея;9;826;297;441;372
325;Оскар;Обезьяна;8;979;512;27;103
326;Остин;Канарейка;16;429;461;631;31
327;Одди;Волк;6;971;737;763;754
328;Оливер;Хамелеон;16;722;653;932;161
329;Отис;Кролик;2;159;426;540;175
330;Огонёк;Кролик;9;140;867;493;11
331;Олаф;Мышка;15;966;419;282;914
332;Отто;Хамелеон;9;762;319;879;634
333;Оникс;Рыбка;18;835;344;917;457
334;Орфей;Лошадь;4;371;22;203;950
335;Осман;Осел;14;860;340;370;838
336;Один;Змея;6;669;88;575;354
337;Орландо;Змея;10;789;41;682;561
338;Оби Ван;Рыбка;2;969;556;655;811
339;Оушен;Лягушка;18;425;666;687;282
340;Оз;Змея;9;661;56;599;479
341;Олимпус;Собака;10;377;515;463;852
342;Одис;Индюк;1;386;464;409;911
343;Ольф;Обезьяна;6;108;109;477;19
344;Омон;Свинка;11;744;937;724;295
345;Орион;Собака;16;751;829;252;385
346;Орлик;Собака;11;757;517;902;636
347;Одиссей;Лиса;6;187;600;830;227
348;Освальд;Лиса;19;413;283;333;601
349;Олимп;Лягушка;15;114;883;688;132
350;Пандора;Паук;15;658;224;224;482
351;Прада;Рыбка;5;671;832;786;506
352;Пума;Волк;13;92;60;998;924
353;Персик;Шиншилла;10;419;297;376;924
354;Пальма;Шиншилла;16;205;907;888;773
355;Плюшка;Енот;14;657;115;603;232
356;Полли;Лиса;11;75;675;238;299
357;Пинки;Паук;3;220;615;864;208
358;Пепси;Собака;13;680;377;368;633
359;Петти;Ягуар;20;516;280;516;869
360;Патриция;Обезьяна;5;106;368;544;885
361;Памелла;Индюк;7;961;51;307;469
362;Прима;Лягушка;6;572;983;44;339
363;Пуговка;Свинка;12;769;883;935;508
364;Пантера;Рыбка;7;903;290;191;653
365;Пелагея;Канарейка;3;681;437;382;421
366;Пушинка;Лошадь;8;941;933;962;768
367;Пеппи;Кролик;4;483;8;198;171
368;Пэрис;Паук;5;701;149;147;951
369;Печенюшка;Паук;13;509;360;461;983
370;Принцесса;Попугай;11;920;261;314;772
371;Пуффи;Лиса;10;776;57;385;517
372;Пегги;Скунс;15;360;517;176;184
373;Пайпер;Канарейка;17;174;925;947;460
374;Панда;Ягуар;6;520;115;18;977
375;Пигги;Свинка;19;724;634;377;136
376;Полночь;Попугай;2;505;474;231;207
377;Пейдж;Мышка;3;704;731;767;831
378;Персик;Мышка;1;94;429;370;664
379;Пират;Канарейка;11;2;969;431;141
380;Пайк;Оца;10;498;874;769;241
381;Патрик;Кошка;13;939;694;61;179
382;Принц;Осел;18;710;474;110;207
383;Полкан;Паук;8;588;858;510;220
384;Перс;Лиса;1;952;510;962;876
385;Прайм;Обезьяна;19;356;675;211;252
386;Пуфик;Енот;16;382;648;750;95
387;Плуто;Скунс;9;580;530;520;36
388;Пумба;Обезьяна;8;599;4;26;549
389;Персей;Шиншилла;1;287;405;116;280
390;Порш;Паук;4;655;323;4;913
391;Прайд;Паук;9;842;508;95;575
392;Паркер;Индюк;3;374;405;993;313
393;Панчо;Свинка;7;689;668;879;656
394;Перри;Мышка;15;317;200;877;456
395;Пегас;Кролик;10;932;917;610;918
396;Пинки;Лягушка;5;237;803;839;109
397;Пух;Лиса;17;314;339;219;36
398;Пуф;Лошадь;12;236;376;977;639
399;Плюш;Шиншилла;7;958;347;685;200
400;Парис;Обезьяна;5;315;555;635;836
401;Платон;Свинка;3;918;425;798;971
402;Пряник;Собака;11;186;381;875;266
403;Паки;Хамелеон;7;452;705;409;743
404;Потап;Гусь;15;759;621;86;7
405;Пако;Кошка;16;674;528;128;485
406;Пинк;Скунс;1;972;956;746;920
407;Понго;Осел;18;538;670;393;220
408;Пьер;Кошка;2;974;935;405;30
409;Паппи;Шиншилла;15;886;489;334;709
410;Пирожок;Лягушка;11;311;11;239;674
411;Портос;Скунс;17;192;100;748;208
412;Рада;Собака;17;61;522;134;745
413;Рокси;Змея;9;484;50;822;822
414;Рона;Волк;8;301;719;677;952
415;Рози;Енот;19;101;635;107;966
416;Руна;Ягуар;12;242;953;939;17
417;Руби;Ягуар;11;54;258;580;441
418;Роза;Индюк;4;385;560;368;700
419;Рута;Свинка;6;289;57;320;834
420;Рэйчел;Волк;13;126;101;222;181
421;Рэкси;Свинка;18;37;370;501;609
422;Рина;Рыбка;10;528;678;611;755
423;Рони;Оца;17;230;964;966;495
424;Райна;Осел;16;694;292;480;698
425;Рита;Шиншилла;4;908;187;968;43
426;Росси;Канарейка;14;330;374;221;421
427;Роксана;Паук;8;805;623;331;83
428;Руффи;Лошадь;5;357;978;374;536
429;Радуга;Змея;10;77;110;290;620
430;Реми;Волк;10;234;741;83;276
431;Реджина;Ягуар;13;668;979;45;431
432;Рэйда;Ягуар;5;626;490;401;984
433;Рыся;Кролик;4;995;906;360;406
434;Ребекка;Попугай;8;817;273;600;387
435;Ронда;Шиншилла;1;987;167;187;72
436;Ренди;Рыбка;13;992;502;290;480
437;Радость;Оца;5;443;208;380;390
438;Рашель;Шиншилла;11;736;228;303;393
439;Рианна;Обезьяна;12;335;311;616;110
440;Райфи;Ягуар;20;426;655;293;211
441;Реджи;Лиса;8;368;266;248;805
442;Рейна;Лиса;10;542;984;928;460
443;Риджи;Мышка;19;250;478;171;161
444;Рэкс;Змея;11;649;402;366;729
445;Риччи;Хамелеон;19;316;873;674;608
446;Рэй;Обезьяна;12;304;301;485;787
447;Ричард;Обезьяна;17;361;184;913;914
448;Рэм;Змея;20;3;100;391;668
449;Рой;Свинка;16;543;568;259;15
450;Рэм;Мышка;4;943;168;305;411
451;Рикки;Лиса;10;582;769;679;615
452;Райд;Попугай;1;470;128;229;188
453;Рамзес;Волк;5;586;284;524;951
454;Ронни;Скунс;20;787;962;53;485
455;Рок;Ягуар;16;925;315;486;527
456;Руди;Лошадь;2;881;261;617;302
457;Раф;Паук;18;36;297;68;643
458;Ред;Енот;16;100;364;799;235
459;Рико;Змея;18;84;123;366;376
460;Рио;Рыбка;8;366;798;478;556
461;Райт;Кролик;5;231;428;235;148
462;Рай;Обезьяна;14;244;865;976;334
463;Рейн;Собака;18;746;871;489;920
464;Рэд;Рыбка;14;643;924;578;758
465;Райдер;Попугай;8;181;137;197;115
466;Рольф;Мышка;8;185;742;564;514
467;Рафаель;Кошка;16;999;970;233;833
468;Рэмбо;Канарейка;19;476;544;114;276
469;Рамштайн;Осел;5;865;610;593;837
470;Руфус;Волк;12;821;660;277;25
471;Райс;Ягуар;17;975;360;1;390
472;Райф;Скунс;14;714;997;528;999
473;Ретт Батлер;Свинка;4;624;73;966;74
474;Руни;Свинка;1;551;345;601;924
475;Реми;Мышка;6;453;8;363;280
476;Рокс;Индюк;4;755;755;780;939
477;Рубик;Ягуар;11;684;748;424;674
478;Рэмми;Кролик;20;260;946;864;461
479;Соня;Рыбка;8;922;492;999;33
480;Стелла;Осел;14;305;95;23;6
481;Сара;Кролик;7;803;197;579;70
482;Сима;Волк;7;67;632;278;927
483;Софи;Кошка;12;370;349;553;870
484;Сильва;Гусь;18;440;287;69;28
485;Синди;Обезьяна;12;13;662;399;361
486;Стеша;Хомяк;4;293;6;942;506
487;Салли;Змея;17;686;923;371;726
488;Снежинка;Лиса;13;32;897;623;451
489;Сандра;Шиншилла;12;783;877;205;972
490;Стеффи;Осел;14;290;468;157;343
491;Сюзи;Канарейка;13;692;416;500;927
492;Симона;Свинка;14;232;391;169;666
493;Сакура;Собака;12;754;42;453;18
494;Сэнди;Канарейка;12;556;719;46;524
495;Саманта;Енот;13;122;581;708;359
496;Сьюзи;Гусь;3;337;557;133;793
497;Санни;Свинка;10;549;79;922;449
498;Стешка;Рыбка;19;633;533;17;858
499;Стейси;Хомяк;8;134;687;460;306
500;Смолли;Гусь;4;321;518;753;152
501;Скарлетт;Оца;6;986;213;682;494
502;Самбука;Индюк;13;808;571;449;296
503;Смайла;Волк;19;947;278;808;456
504;Селина;Кролик;13;591;636;896;54
505;Стрелка;Скунс;9;564;140;757;872
506;Сальма;Кролик;6;393;22;582;583
507;Скалли;Осел;6;474;590;344;677
508;Спайк;Осел;14;190;640;132;820
509;Скуби Ду;Лягушка;6;853;510;293;37
510;Саймон;Рыбка;7;909;536;285;351
511;Стич;Гусь;20;280;268;268;858
512;Скай;Шиншилла;7;492;493;278;102
513;Султан;Хомяк;18;116;772;598;2
514;Снежок;Оца;17;792;861;67;564
515;Сириус;Осел;2;451;401;269;836
516;Снупи;Гусь;4;514;311;865;804
517;Спартак;Кролик;15;713;780;318;634
518;Сникерс;Лошадь;1;331;698;851;442
519;Скиф;Паук;11;441;91;490;296
520;Стиф;Осел;4;397;224;694;938
521;Сэт;Осел;14;917;324;955;899
522;Сильвер;Шиншилла;7;141;5;558;910
523;Самсон;Оца;2;741;354;931;836
524;Смайл;Кошка;7;5;247;938;828
525;Старк;Лягушка;5;354;660;88;126
526;Снуп Дог;Лиса;9;155;582;737;143
527;Север;Гусь;13;320;445;350;20
528;Спарки;Лягушка;3;728;659;840;294
529;Сэр;Ягуар;1;21;641;477;263
530;Соломон;Канарейка;16;455;176;619;43
531;Счастливчик;Мышка;2;844;470;558;246
532;Сет;Кролик;20;16;499;769;622
533;Стэн;Шиншилла;4;786;38;901;669
534;Санчо;Лягушка;7;962;20;404;822
535;Симон;Рыбка;6;662;763;381;59
536;Смоки;Кошка;13;178;925;325;74
537;Санта;Лиса;5;871;88;776;807
538;Северус;Паук;11;963;751;109;777
539;Симбо;Волк;11;923;626;330;85
540;Саурон;Свинка;20;711;50;664;676
541;Сантьяго;Гусь;7;991;830;39;90
542;Спок;Мышка;9;519;930;527;623
543;Стинг;Осел;1;395;139;884;241
544;Сапфир;Лиса;19;638;640;868;848
545;Сидней;Шиншилла;3;915;717;837;439
546;Сумрак;Кролик;9;559;227;455;186
547;Стив;Собака;4;608;667;872;910
548;Тори;Канарейка;4;695;746;228;750
549;Тося;Попугай;3;276;582;874;218
550;Тина;Кролик;11;428;758;598;242
551;Тайга;Попугай;11;6;325;293;196
552;Терри;Канарейка;9;930;303;973;509
553;Тиффани;Лошадь;8;497;774;222;941
554;Тайра;Волк;13;831;555;896;141
555;Тася;Рыбка;2;765;125;256;580
556;Тяпа;Лошадь;2;731;432;898;909
557;Тэсси;Мышка;18;829;411;17;795
558;Туся;Ягуар;13;863;449;826;64
559;Тэффи;Рыбка;2;407;931;73;753
560;Таша;Скунс;12;472;230;288;864
561;Триша;Волк;16;30;910;241;214
562;Трейси;Змея;19;322;521;895;401
563;Тайна;Лошадь;13;241;3;626;203
564;Тэрра;Рыбка;20;291;109;157;587
565;Таффи;Лошадь;14;261;670;547;101
566;Тора;Лиса;20;595;688;730;30
567;Тучка;Кролик;11;157;550;155;765
568;Тави;Попугай;5;748;862;791;532
569;Тэсси;Рыбка;4;229;102;222;183
570;Тутси;Лягушка;3;563;213;325;930
571;Тефтелька;Кролик;3;508;928;953;859
572;Таппи;Оца;11;890;146;567;695
573;Тая;Лошадь;11;137;99;422;868
574;Тейсти;Лягушка;11;977;372;720;278
575;Тильда;Оца;4;822;963;106;358
576;Троя;Лягушка;13;706;388;352;729
577;Тэйси;Шиншилла;11;937;977;23;603
578;Тинки;Хомяк;2;718;414;267;162
579;Тaйсон;Мышка;11;775;36;721;320
580;Татошка;Канарейка;13;182;904;109;316
581;Тэдди;Кролик;3;779;261;536;340
582;Тимка;Лошадь;19;585;764;363;655
583;Тошка;Хомяк;20;720;78;165;306
584;Тишка;Лягушка;13;303;70;718;205
585;Тимоша;Оца;1;547;116;76;188
586;Тор;Собака;16;938;453;322;347
587;Тобик;Шиншилла;14;161;288;666;520
588;Том;Канарейка;4;895;37;712;695
589;Туман;Волк;8;761;478;181;29
590;Тэдди;Змея;10;647;716;879;825
591;Тайфун;Оца;13;95;636;158;149
592;Тай;Лягушка;7;421;827;970;916
593;Ти-Джей;Лошадь;8;965;759;883;500
594;Тайлер;Змея;6;487;550;803;987
595;Тимон;Канарейка;11;635;331;256;52
596;Томас;Енот;14;226;340;249;385
597;Тэд;Лягушка;16;896;782;97;831
598;Тайгер;Обезьяна;16;60;668;358;473
599;Топик;Попугай;12;142;220;507;496
600;Терри;Кролик;19;905;68;675;943
601;Тигр;Собака;5;145;547;948;319
602;Твикс;Рыбка;19;70;701;315;248
603;Трой;Лиса;13;117;786;712;2
604;Тео;Хамелеон;8;86;845;662;793
605;Тайс;Осел;6;15;595;130;793
606;Тайрон;Кролик;18;950;543;480;874
607;Тито;Хомяк;3;352;112;262;280
608;Тихон;Свинка;8;490;694;67;896
609;Тони;Оца;13;882;407;220;786
610;Такер;Лягушка;15;375;595;171;126
611;Топаз;Канарейка;10;698;980;994;264
612;Трюфель;Хамелеон;14;630;589;828;60
613;Тейлор;Енот;17;672;823;749;566
614;Турбо;Попугай;3;717;236;549;52
615;Тимур;Енот;12;23;31;960;734
616;Тигран;Оца;11;118;908;742;197
617;Тимофей;Индюк;17;981;174;737;444
618;Талисман;Хомяк;15;609;374;644;156
619;Таир;Индюк;7;58;652;230;420
620;Тарзан;Енот;7;558;708;614;453
621;Теодор;Мышка;8;169;57;915;73
622;Умка;Мышка;8;511;74;415;425
623;Уна;Собака;11;198;994;444;72
624;Уитни;Кошка;6;153;509;829;862
625;Ульяна;Хомяк;12;255;731;205;832
626;Уми;Гусь;2;270;557;482;895
627;Ультра;Кошка;16;879;827;943;739
628;Урсула;Рыбка;11;891;737;339;406
629;Ульма;Осел;8;857;474;276;861
630;Уника;Индюк;18;68;557;145;322
631;Уляша;Хомяк;11;79;726;146;441
632;Удача;Скунс;4;501;965;40;553
633;Улитка;Обезьяна;7;346;818;690;187
634;Улана;Лиса;12;150;969;666;609
635;Унга;Собака;3;993;635;874;363
636;Уинни;Собака;3;800;956;639;166
637;Ундина;Енот;9;74;182;717;980
638;Умка;Лошадь;11;165;157;726;49
639;Уран;Свинка;19;340;851;484;350
640;Уайт;Кролик;18;411;655;337;342
641;Уголек;Мышка;18;355;466;161;197
642;Уилфред;Ягуар;11;955;106;261;431
643;Уильям;Обезьяна;4;405;269;427;584
644;Урман;Волк;3;262;33;791;932
645;Улан;Обезьяна;9;524;652;753;275
646;Урал;Мышка;1;132;560;690;307
647;Уолт;Оца;3;210;867;5;479
648;Уолтер;Енот;4;433;927;11;230
649;Успех;Кролик;2;233;719;178;108
650;Умник;Волк;17;566;83;213;248
651;Урс;Лиса;20;814;15;774;466
652;Урри;Хамелеон;13;477;396;24;595
653;Урфи Джус;Обезьяна;13;256;750;77;157
654;Уно;Индюк;20;344;75;965;994
655;Унгар;Собака;11;885;945;118;602
656;Уго;Кролик;7;213;54;887;958
657;Уникум;Мышка;11;729;390;830;137
658;Урган;Скунс;8;422;258;389;237
659;Фиби;Свинка;4;679;470;543;953
660;Фиона;Лиса;6;691;921;987;807
661;Феня;Хомяк;20;653;53;988;474
662;Фанни;Паук;20;273;428;228;571
663;Фенечка;Ягуар;7;933;336;634;812
664;Фиджи;Ягуар;8;699;209;11;730
665;Фисташка;Мышка;12;568;48;216;986
666;Фрида;Паук;20;851;464;179;448
667;Флора;Мышка;2;392;500;355;659
668;Фабби;Хамелеон;19;541;87;363;986
669;Фея;Оца;8;650;344;965;484
670;Флаффи;Волк;3;93;850;651;135
671;Флер;Свинка;7;439;486;536;458
672;Фанта;Обезьяна;6;953;891;406;936
673;Фелиция;Лиса;7;495;771;218;326
674;Фи-фи;Ягуар;20;274;928;983;274
675;Фрутти;Хамелеон;9;442;626;179;350
676;Франческа;Лягушка;3;202;170;207;354
677;Фиалка;Енот;12;719;963;329;489
678;Фиеста;Обезьяна;15;258;81;243;408
679;Фифа;Хомяк;1;499;645;452;766
680;Фортуна;Лошадь;15;456;895;610;69
681;Фимка;Канарейка;9;349;598;96;930
682;Фира;Енот;14;312;109;485;987
683;Фокс;Енот;7;263;350;725;274
684;Фил;Попугай;13;167;651;255;351
685;Филя;Мышка;19;7;139;856;65
686;Фунтик;Шиншилла;18;412;652;228;491
687;Феликс;Свинка;15;944;118;608;135
688;Фред;Канарейка;14;677;996;117;799
689;Фантик;Змея;14;996;308;851;631
690;Феня;Гусь;19;46;657;991;529
691;Флэш;Волк;2;438;830;42;365
692;Флинт;Обезьяна;14;184;352;129;449
693;Флай;Кролик;19;35;958;587;733
694;Фредди;Лошадь;12;459;733;534;646
695;Фараон;Рыбка;16;457;106;561;290
696;Феникс;Лиса;12;850;563;231;409
697;Фрай;Ягуар;11;217;118;612;375
698;Форест;Паук;13;837;286;509;973
699;Френки;Канарейка;12;623;629;354;859
700;Федор;Енот;13;702;395;626;531
701;Филипп;Енот;13;62;622;290;820
702;Франц;Канарейка;1;48;12;953;362
703;Фаер;Змея;7;753;553;979;220
704;Фидель;Хомяк;5;841;527;527;263
705;Фауст;Лошадь;19;296;271;807;706
706;Филимон;Лягушка;14;302;264;816;403
707;Фабиан;Оца;12;619;541;869;940
708;Файер;Кошка;20;873;738;721;732
709;Фигаро;Лиса;2;177;640;271;3
710;Френд;Осел;12;414;223;484;875
711;Фродо;Попугай;5;245;197;398;821
712;Финн;Рыбка;6;620;783;752;405
713;Франк;Индюк;18;561;705;603;845
714;Фрей;Оца;8;489;979;359;318
715;Флойд;Оца;12;267;349;322;817
716;Хлоя;Лягушка;8;334;997;855;199
717;Холли;Змея;1;454;780;721;295
718;Ханна;Хомяк;17;833;46;39;699
719;Хайди;Осел;12;81;956;839;801
720;Хонда;Лиса;7;510;294;981;163
721;Хельга;Лягушка;14;690;234;129;117
722;Харти;Паук;16;592;433;745;314
723;Хиллари;Шиншилла;9;219;439;980;465
724;Хильда;Мышка;3;552;188;215;564
725;Ханни;Свинка;11;486;365;693;877
726;Ханти;Паук;6;65;753;239;529
727;Харси;Паук;16;359;405;53;680
728;Хейли;Осел;2;581;732;42;409
729;Хелен;Паук;9;984;173;876;372
730;Хатико;Оца;5;756;703;518;669
731;Хан;Оца;12;990;297;533;283
732;Хайди;Гусь;5;130;845;148;254
733;Хантер;Лошадь;20;791;277;674;941
734;Халк;Собака;12;583;15;966;724
735;Хэппи;Волк;17;749;816;165;89
736;Хуч;Собака;16;682;22;638;891
737;Хьюго;Шиншилла;2;313;261;399;30
738;Хвостик;Свинка;4;602;372;729;553
739;Хаммер;Лягушка;6;158;985;406;95
740;Хич;Оца;12;919;533;886;840
741;Харт;Лошадь;16;697;709;792;763
742;Харди;Паук;6;458;495;746;632
743;Харли;Обезьяна;3;667;417;518;325
744;Хью;Мышка;13;57;8;564;13
745;Хэнк;Собака;8;78;545;855;943
746;Хутч;Волк;16;876;56;467;748
747;Хасан;Осел;1;125;748;161;579
748;Хаки;Рыбка;17;71;856;864;1
749;Харлей;Попугай;14;632;324;696;745
750;Харви;Ягуар;16;793;696;413;479
751;Хьюстон;Канарейка;8;880;268;646;339
752;Хайк;Свинка;4;912;393;203;102
753;Халиф;Ягуар;17;926;103;652;976
754;Хагрид;Рыбка;12;179;101;984;321
755;Харти;Индюк;19;847;169;52;458
756;Хамер;Паук;10;889;355;437;599
757;Хотабыч;Шиншилла;3;869;943;630;240
758;Хамфри;Лягушка;8;91;113;960;479
759;Хитч;Шиншилла;7;685;848;503;47
760;Хакер;Обезьяна;18;652;424;121;750
761;Ханс;Енот;16;823;148;825;493
762;Харрис;Канарейка;18;820;349;287;619
763;Хорт;Попугай;3;557;338;686;534
764;Хайс;Хамелеон;17;770;602;288;604
765;Цея;Лягушка;13;610;711;348;291
766;Цезария;Осел;16;777;723;652;663
767;Цара;Индюк;10;390;215;718;949
768;Цаца;Свинка;6;767;906;318;818
769;Царина;Рыбка;10;309;105;721;595
770;Цесса;Скунс;17;763;830;688;653
771;Цефи;Скунс;20;866;854;749;445
772;Цветочек;Змея;3;945;163;626;565
773;Центурия;Ягуар;6;170;150;968;268
774;Цири;Шиншилла;11;828;465;144;853
775;Циля;Ягуар;13;529;29;391;87
776;Цапа;Рыбка;10;703;394;34;686
777;Церцея;Рыбка;12;22;478;565;612
778;Цими;Рыбка;2;544;813;842;276
779;Цезарь;Волк;12;594;419;584;655
780;Цербер;Шиншилла;7;253;928;556;605
781;Царь;Свинка;15;363;688;368;250
782;Цейс;Обезьяна;19;788;689;378;193
783;Цент;Кролик;12;351;525;908;908
784;Центурион;Попугай;9;764;329;217;978
785;Циклон;Рыбка;16;989;209;672;56
786;Цукат;Хомяк;9;732;514;505;808
787;Цицерон;Хамелеон;10;358;117;502;731
788;Церби;Лиса;2;119;774;512;618
789;Цезарион;Паук;11;570;155;262;970
790;Цедрик;Волк;18;33;559;873;696
791;Цыган;Скунс;18;254;923;616;939
792;Церон;Попугай;2;27;411;968;980
793;Цефей;Осел;18;25;815;75;649
794;Челси;Собака;10;73;32;705;15
795;Чапа;Шиншилла;3;872;986;351;689
796;Черри;Попугай;8;526;982;182;36
797;Чика;Кролик;10;10;568;437;418
798;Чита;Рыбка;13;401;86;342;404
799;Чуча;Оца;2;921;825;360;136
800;Чили;Енот;9;796;156;102;977
801;Чейза;Рыбка;20;297;412;393;427
802;Чернышка;Хамелеон;5;308;39;589;379
803;Чика;Енот;5;512;472;798;10
804;Черника;Кролик;13;968;515;569;120
805;Чиби;Обезьяна;19;223;662;17;255
806;Челси;Попугай;2;257;245;78;365
807;Чана;Енот;9;103;951;414;568
808;Чарси;Свинка;16;578;490;571;348
809;Чилита;Енот;5;160;671;742;524
810;Чарли;Кошка;1;383;999;229;556
811;Чак;Скунс;5;339;803;726;712
812;Чип;Кролик;6;180;51;248;668
813;Честер;Кролик;16;521;655;269;956
814;Чапик;Волк;5;705;823;515;831
815;Чоп;Индюк;19;548;151;75;844
816;Челси;Кролик;16;435;983;413;429
817;Чипс;Гусь;16;954;257;675;608
818;Чудо;Паук;3;415;809;723;354
819;Черныш;Скунс;13;848;866;763;967
820;Чейз;Попугай;7;127;81;22;15
821;Чарльз;Лиса;15;143;608;71;4
822;Чингиз Хан;Лиса;10;940;796;762;407
823;Чико;Рыбка;6;369;520;273;167
824;Че Гевара;Лошадь;2;247;958;410;724
825;Чингиз;Осел;15;8;705;228;815
826;Черчиль;Ягуар;6;603;41;765;57
827;Чиф;Кролик;11;500;256;229;355
828;Чивас;Лошадь;2;827;646;684;268
829;Чао;Обезьяна;18;427;382;975;67
830;Чендлер;Гусь;18;948;128;161;867
831;Чемпион;Кошка;18;781;800;631;193
832;Читер;Лиса;19;709;945;67;205
833;Чавес;Канарейка;5;959;20;798;404
834;Шэрри;Осел;4;191;996;115;38
835;Шанель;Паук;4;646;844;443;607
836;Шелли;Кошка;15;251;232;490;4
837;Шейла;Обезьяна;18;4;798;335;472
838;Шакира;Лиса;10;758;637;669;445
839;Шанти;Волк;12;527;248;232;231
840;Шарлотта;Индюк;13;707;950;240;386
841;Шоколадка;Волк;18;51;974;786;917
842;Шайна;Попугай;10;24;152;997;507
843;Шанталь;Попугай;9;678;254;551;136
844;Шанси;Лошадь;3;204;149;190;145
845;Шива;Мышка;9;849;683;855;485
846;Шарлиз;Шиншилла;6;212;462;582;54
847;Шая;Лягушка;13;324;37;617;178
848;Шкода;Хомяк;5;810;283;590;276
849;Шуша;Кошка;15;295;426;839;464
850;Шейна;Кошка;14;277;835;519;50
851;Шерли;Ягуар;4;41;87;925;682
852;Шедоу;Кошка;15;115;314;719;496
853;Шоко;Ягуар;5;259;112;601;938
854;Шармель;Попугай;18;445;565;852;664
855;Шарик;Канарейка;17;893;639;62;573
856;Шерхан;Свинка;12;854;634;339;570
857;Шелдон;Лошадь;13;432;443;286;599
858;Шерлок;Собака;13;102;299;118;905
859;Шаман;Собака;9;935;107;696;946
860;Шериф;Змея;14;123;270;97;324
861;Шон;Индюк;11;18;804;970;580
862;Шульц;Собака;17;196;91;934;707
863;Шелтон;Волк;19;69;369;628;553
864;Шерри;Свинка;7;372;158;692;673
865;Шеф;Гусь;17;637;404;883;372
866;Шепард;Кролик;18;555;380;307;225
867;Шрек;Обезьяна;18;784;98;608;384
868;Шварц;Оца;14;951;872;111;361
869;Шейк;Скунс;6;298;5;893;947
870;Шустрик;Волк;15;565;398;754;603
871;Шанс;Хомяк;11;326;745;586;638
872;Шнурок;Скунс;15;391;442;611;624
873;Шэдо;Ягуар;15;146;666;683;377
874;Шейх;Канарейка;8;420;301;471;292
875;Шони;Индюк;16;797;990;649;968
876;Шторм;Обезьяна;16;522;604;791;92
877;Шафран;Канарейка;11;365;520;461;73
878;Шерман;Кошка;18;622;826;995;418
879;Шнапс;Собака;6;856;442;887;866
880;Шоколад;Лошадь;7;830;125;86;588
881;Шастик;Свинка;11;228;624;739;818
882;Шекспир;Паук;10;288;11;9;534
883;Штирлиц;Ягуар;16;124;847;239;966
884;Швепс;Рыбка;6;782;926;268;326
885;Эльза;Ягуар;10;388;416;656;906
886;Эшли;Осел;6;113;686;335;153
887;Эбби;Волк;8;9;104;274;574
888;Элис;Паук;6;460;85;214;133
889;Эмма;Лягушка;12;216;447;235;609
890;Элли;Оца;13;611;363;63;543
891;Энджи;Оца;3;846;315;904;766
892;Элизабет;Хамелеон;17;504;165;317;59
893;Элси;Лягушка;20;976;931;575;77
894;Эмили;Хамелеон;17;282;418;724;627
895;Эстер;Енот;18;176;673;278;916
896;Энни;Лиса;6;771;173;56;876
897;Эсми;Змея;8;97;650;761;938
898;Эстель;Змея;10;171;923;108;643
899;Элиссон;Кролик;14;834;146;464;559
900;Эврика;Хамелеон;6;843;980;324;316
901;Элеонора;Мышка;9;189;326;380;107
902;Эмбер;Осел;8;99;452;439;865
903;Эйвари;Собака;18;88;181;445;688
904;Элисия;Кошка;20;240;380;32;802
905;Эдмон;Змея;9;867;172;432;488
906;Элвис;Свинка;8;973;382;216;531
907;Эрик;Гусь;2;980;9;285;723
908;Эдди;Кролик;14;128;428;493;756
909;Элвин;Змея;4;946;244;9;27
910;Эрни;Мышка;9;333;484;431;615
911;Эдельвейс;Лошадь;14;467;53;602;156
912;Эштон;Хамелеон;20;471;110;49;777
913;Энди;Индюк;14;461;690;889;448
914;Эйнштейн;Оца;5;131;544;264;666
915;Эдгар;Лиса;16;268;560;330;413
916;Эмир;Попугай;6;726;877;42;666
917;Эдвард;Канарейка;9;801;254;955;412
918;Эней;Хомяк;19;688;9;591;412
919;Эль- Дьябло;Индюк;18;28;473;941;480
920;Эльф;Енот;8;725;875;664;658
921;Эйс Вентура;Рыбка;16;107;375;387;386
922;Эскимо;Змея;12;376;292;565;689
923;Эклер;Лошадь;14;960;276;701;810
924;Эдем;Попугай;12;85;609;696;544
925;Эмиль;Гусь;20;914;498;870;25
926;Эдвин;Свинка;8;970;710;956;734
927;Эй-Джей;Осел;15;11;437;776;983
928;Эйр;Лошадь;14;664;8;880;250
929;Эверест;Ягуар;13;740;945;410;823
930;Эллорд;Енот;17;806;397;319;77
931;Юта;Мышка;17;463;681;860;544
932;Юна;Оца;1;332;962;358;902
933;Юнона;Ягуар;1;450;744;156;982
934;Юся;Лошадь;7;727;275;349;947
935;Юми;Попугай;2;188;998;969;88
936;Юста;Хомяк;6;964;113;51;509
937;Юша;Шиншилла;1;656;461;532;981
938;Юзя;Ягуар;9;673;232;894;159
939;Юла;Обезьяна;1;44;878;90;333
940;Ювента;Ягуар;12;227;158;80;553
941;Юлика;Скунс;15;19;576;704;613
942;Юнна;Свинка;6;129;820;931;633
943;Ювелия;Лиса;19;625;940;982;320
944;Южана;Паук;16;402;851;509;719
945;Юмина;Лошадь;18;590;127;43;990
946;Юджин;Обезьяна;8;389;768;697;513
947;Юстас;Осел;3;813;308;761;179
948;Юрчик;Канарейка;1;481;841;727;778
949;Юкки;Кролик;8;571;851;319;40
950;Юлий;Волк;3;523;812;232;338
951;Юлий Цезарь;Лягушка;2;773;560;538;329
952;Юпитер;Енот;18;795;210;716;303
953;Ювентус;Скунс;17;345;677;937;333
954;Юкон;Волк;16;545;439;723;996
955;Юник;Паук;5;343;202;105;190
956;Юго;Попугай;1;606;834;643;836
957;Юпи;Енот;19;598;943;409;37
958;Юрай;Канарейка;15;683;982;388;706
959;Юкан;Шиншилла;16;887;542;822;53
960;Юг;Хамелеон;1;479;435;761;340
961;Юзеф;Рыбка;3;218;656;937;456
962;Юкас;Енот;19;747;949;90;610
963;Юкс;Енот;12;825;290;100;873
964;Юлик;Попугай;3;329;548;139;593
965;Юнгар;Индюк;9;641;440;798;593
966;Юстин;Волк;11;660;836;227;16
967;Юнайт;Лиса;16;772;900;922;903
968;Юнга;Енот;10;211;47;907;949
969;Юнур;Гусь;5;982;438;190;918
970;Юрхан;Осел;15;292;46;699;308
971;Юстиниан;Кролик;12;567;639;908;170
972;Яся;Оца;9;491;620;866;532
973;Яра;Хомяк;12;144;561;788;599
974;Ягодка;Обезьяна;12;663;972;976;614
975;Ясмин;Рыбка;12;423;979;824;779
976;Ямайка;Шиншилла;7;613;232;703;831
977;Яффи;Волк;5;584;463;535;702
978;Ясна;Хомяк;16;802;781;19;63
979;Янга;Скунс;15;539;567;677;540
980;Яшма;Кошка;4;104;584;463;859
981;Янина;Волк;8;868;55;699;102
982;Ялика;Попугай;18;730;753;673;592
983;Ярославна;Шиншилла;19;482;526;592;430
984;Янни;Лошадь;2;636;515;889;751
985;Ярда;Кошка;19;82;614;464;549
986;Ярита;Хамелеон;7;448;672;605;42
987;Ядвига;Хамелеон;18;942;827;559;104
988;Яффи;Хомяк;2;629;656;274;510
989;Янчи;Свинка;12;994;877;407;463
990;Ярик;Оца;15;892;818;457;580
991;Ян;Канарейка;4;700;206;75;687
992;Ясик;Собака;19;465;571;508;189
993;Ясон;Волк;7;406;714;876;760
994;Якут;Змея;3;56;559;410;461
995;Ярый;Лягушка;5;43;105;393;623
996;Яр;Лошадь;11;507;852;535;837
997;Янтарь;Канарейка;6;506;644;305;122
998;Янис;Обезьяна;4;80;471;93;126
999;Яхонт;Лошадь;19;906;892;798;298
1000;Ярд;Оца;6;642;527;507;875
